{
    "luar_aa": [
        [
            0.720309050772627,
            0.1369757174392936,
            0.060485651214128036,
            0.033112582781456956,
            0.04911699779249448
        ],
        [
            0.2146341463414634,
            0.6300813008130082,
            0.042682926829268296,
            0.02926829268292683,
            0.08333333333333333
        ],
        [
            0.32439024390243903,
            0.15934959349593497,
            0.44146341463414634,
            0.034959349593495934,
            0.03983739837398374
        ],
        [
            0.1625,
            0.13166666666666665,
            0.0275,
            0.6441666666666667,
            0.034166666666666665
        ],
        [
            0.32571428571428573,
            0.25047619047619046,
            0.07904761904761905,
            0.02095238095238095,
            0.3238095238095238
        ]
    ],
    "part_aa": [
        [
            0.7938189845474614,
            0.05894039735099338,
            0.07847682119205299,
            0.013024282560706401,
            0.05573951434878587
        ],
        [
            0.3467479674796748,
            0.5252032520325203,
            0.06097560975609756,
            0.00975609756097561,
            0.05731707317073171
        ],
        [
            0.3910569105691057,
            0.07479674796747968,
            0.4845528455284553,
            0.00894308943089431,
            0.04065040650406504
        ],
        [
            0.2633333333333333,
            0.05583333333333333,
            0.04083333333333333,
            0.6091666666666666,
            0.030833333333333334
        ],
        [
            0.45714285714285713,
            0.17523809523809525,
            0.09619047619047619,
            0.015238095238095238,
            0.2561904761904762
        ]
    ],
    "stel_aa": [
        [
            0.4739514348785872,
            0.17803532008830023,
            0.08686534216335541,
            0.132560706401766,
            0.12858719646799116
        ],
        [
            0.4138211382113821,
            0.3,
            0.06585365853658537,
            0.09349593495934959,
            0.12682926829268293
        ],
        [
            0.4715447154471545,
            0.17073170731707318,
            0.12520325203252033,
            0.12276422764227642,
            0.10975609756097561
        ],
        [
            0.4683333333333333,
            0.13666666666666666,
            0.09,
            0.15916666666666668,
            0.14583333333333334
        ],
        [
            0.4514285714285714,
            0.20952380952380953,
            0.08666666666666667,
            0.11523809523809524,
            0.13714285714285715
        ]
    ],
    "ngram_aa": [
        [
            0.8026490066225166,
            0.09326710816777042,
            0.03421633554083885,
            0.026269315673289183,
            0.04359823399558499
        ],
        [
            0.2804878048780488,
            0.5955284552845529,
            0.02723577235772358,
            0.03170731707317073,
            0.06504065040650407
        ],
        [
            0.3439024390243902,
            0.13089430894308943,
            0.45447154471544715,
            0.028455284552845527,
            0.04227642276422764
        ],
        [
            0.23833333333333334,
            0.09583333333333334,
            0.019166666666666665,
            0.605,
            0.041666666666666664
        ],
        [
            0.31523809523809526,
            0.1657142857142857,
            0.035238095238095235,
            0.025714285714285714,
            0.4580952380952381
        ]
    ],
    "ppm_aa": [
        [
            0.7497792494481236,
            0.191280353200883,
            0.018211920529801324,
            0.024503311258278145,
            0.016225165562913906
        ],
        [
            0.20528455284552846,
            0.71869918699187,
            0.01707317073170732,
            0.02886178861788618,
            0.03008130081300813
        ],
        [
            0.42520325203252035,
            0.21138211382113822,
            0.3203252032520325,
            0.03008130081300813,
            0.013008130081300813
        ],
        [
            0.16666666666666666,
            0.19916666666666666,
            0.0125,
            0.6158333333333333,
            0.005833333333333334
        ],
        [
            0.32761904761904764,
            0.31333333333333335,
            0.015238095238095238,
            0.022857142857142857,
            0.32095238095238093
        ]
    ]
}